{
    "licence_status": "",
    "licence_key": "",
    "payment": [],
    "product_cat": [],
    "update_product_price": "0",
    "update_product_stock": "0",
    "update_product_name": "0",
    "insert_new_product": "0",
    "status_place_payment": "cash",
    "sales_price_field": "1",
    "product_stock_field": "1",
    "save_sale_invoice": "0",
    "special_price_field": "2",
    "wholesale_price_field": "3",
    "save_pre_sale_invoice": "0",
    "insert_product_with_zero_inventory": "0",
    "invoice_items_no_holo_code": "0"
}